종목명,ROE(자본수익률),EV/EABITDA(이익수익률)
3S,n/a,42.78
AJ네트웍스,16.78,4.27
AJ렌터카,1.55,3.67
AK홀딩스,13.82,4.05
APS홀딩스,0.59,n/a
AP시스템,25.75,7.27
AP위성,n/a,56.51
BGF,4.37,22.23
BGF리테일,33.88,11.3
BNK금융지주,6.84,n/a
BYC,2.26,10.67
CJ,6.91,7.4
CJ CGV,n/a,8.61
CJ ENM,8.58,8.32
CJ대한통운,1.5,15.32
CJ씨푸드,3.54,12.53
CJ제일제당,21.46,10.09
CJ프레시웨이,7.29,7.66
CJ헬로,3.88,3.68
CMG제약,6.01,104.47
CNH,0.74,n/a
CS,19.77,10.78
CSA 코스믹,n/a,101.27
CS홀딩스,2.89,8.21
DB,n/a,21.39
DB금융스팩6호,n/a,n/a
DB금융투자,8.58,n/a
DB손해보험,10.95,n/a
DB하이텍,17.12,3.44
DGB금융지주,9.3,n/a
DMS,10.61,5.51
DRB동일,1.73,6.31
DSC인베스트먼트,19.53,n/a
DSR,5.54,5.99
DSR제강,5.55,5.86
E1,6.47,23.99
EDGC,n/a,n/a
EG,n/a,n/a
EMW,n/a,12.56
F&F,31.64,6.1
GH신소재,1.03,19.3
GKL,14.21,12.69
GMR 머티리얼즈,n/a,n/a
GRT,16.67,2.11
GS,11.14,6.54
GST,12.42,3.61
GS건설,17.34,3.23
GS글로벌,5.48,8.58
GS리테일,5.86,9.16
GS홈쇼핑,12.46,7.58
GV,n/a,n/a
HB테크놀러지,4.38,13.98
HDC,38.82,11.66
HDC아이콘트롤스,11.99,10.36
HDC현대EP,3.02,12.73
HDC현대산업개발,n/a,6.49
HRS,n/a,12.3
HSD엔진,n/a,n/a
IBKS제10호스팩,n/a,n/a
IBKS제5호스팩,0.91,n/a
IBKS제6호스팩,0.46,n/a
IBKS제7호스팩,0.73,n/a
IBKS제9호스팩,n/a,n/a
ISC,8.13,5.75
ITX엠투엠,n/a,n/a
JB금융지주,8.69,n/a
JTC,18.52,0.0
JW생명과학,14.97,11.25
JW신약,n/a,111.06
JW중외제약,3.04,24.83
JW홀딩스,13.32,17.19
JYP Ent.,22.52,35.8
KBI메탈,5.43,15.78
KB금융,8.78,n/a
KB오토시스,14.18,3.37
KCC건설,6.97,3.07
KCI,16.99,6.72
KC그린홀딩스,7.6,7.43
KC산업,51.86,3.75
KC코트렐,5.4,10.81
KD건설,11.8,n/a
KEC,0.67,10.84
KG ETS,7.58,6.9
KG모빌리언스,6.04,12.0
KG이니시스,17.61,7.1
KG케미칼,1.37,7.07
KH바텍,n/a,n/a
KISCO홀딩스,3.29,8.5
KJ프리텍,n/a,n/a
KMH,23.7,9.89
KMH하이텍,7.88,5.95
KNN,4.16,9.13
KPX생명과학,n/a,40.92
KPX케미칼,2.54,6.61
KPX홀딩스,0.6,12.28
KR모터스,n/a,n/a
KSS해운,8.73,8.67
KTB투자증권,6.73,n/a
KTH,0.43,5.67
KTcs,7.3,6.54
KTis,4.92,6.72
KT서브마린,n/a,9.9
LF,7.35,4.51
LG,10.96,5.83
LG디스플레이,n/a,3.68
LG상사,n/a,8.76
LG생활건강,20.98,15.65
LG유플러스,7.97,4.26
LG이노텍,8.02,4.54
LG전자,9.03,4.09
LG하우시스,n/a,7.78
LG화학,8.86,7.77
LIG넥스원,0.71,18.82
LPK로보틱스,n/a,n/a
LS,13.73,8.69
LS네트웍스,2.59,43.18
LS산전,10.78,5.54
LS전선아시아,8.18,8.81
MH에탄올,n/a,20.9
MP그룹,n/a,57.72
MP한강,11.8,15.84
NAVER,12.97,17.29
NEW,n/a,n/a
NE능률,n/a,7.17
NHN벅스,8.57,11.58
NHN한국사이버결제,15.47,8.58
NH투자증권,7.31,n/a
NICE,10.01,4.96
NICE평가정보,20.71,11.27
NI스틸,9.98,5.82
OCI,3.06,6.84
PN풍년,3.67,9.68
RFHIC,17.22,18.49
S&K폴리텍,11.67,3.6
S&TC,0.78,488.0
S&T모티브,7.77,5.74
S&T중공업,3.27,7.9
S&T홀딩스,4.36,9.06
S-Oil,3.88,17.07
SBI인베스트먼트,3.11,n/a
SBI핀테크솔루션즈,28.62,13.19
SBS,0.87,11.33
SBS미디어홀딩스,1.62,17.12
SBS콘텐츠허브,5.42,21.37
SCI평가정보,10.01,26.14
SDN,3.24,20.11
SFA반도체,4.86,4.75
SG,21.35,11.01
SG&G,n/a,26.29
SGA,n/a,n/a
SGA솔루션즈,n/a,n/a
SGA임베디드,n/a,n/a
SG세계물산,3.43,31.92
SG충방,2.59,20.95
SH에너지화학,2.21,28.03
SIMPAC,20.48,8.01
SK,14.88,7.44
SK3호스팩,0.94,n/a
SK4호스팩,n/a,n/a
SKC,8.09,8.54
SKC 솔믹스,29.38,6.66
SKC코오롱PI,13.8,13.18
SK가스,3.9,8.97
SK네트웍스,0.31,8.7
SK디스커버리,5.56,14.64
SK디앤디,17.29,13.7
SK머티리얼즈,29.57,8.83
SK바이오랜드,10.5,10.66
SK이노베이션,9.12,6.98
SK증권,2.85,n/a
SK케미칼,0.87,12.03
SK텔레콤,15.52,6.44
SK하이닉스,38.53,1.62
SM C&C,n/a,39.56
SM Life Design,n/a,251.98
SNK,33.32,0.0
SPC삼립,14.18,13.27
STX,17.12,n/a
STX엔진,17.41,10.01
STX중공업,n/a,n/a
SV인베스트먼트,29.13,n/a
TCC스틸,9.19,6.12
THE E&M,59.54,14.15
THE MIDONG,n/a,n/a
TJ미디어,n/a,136.46
TPC,14.45,12.88
TS인베스트먼트,15.77,n/a
TS트릴리온,34.24,47.39
UCI,n/a,49.42
WI,n/a,n/a
WISCOM,0.9,15.21
W홀딩컴퍼니,n/a,n/a
YG PLUS,n/a,39.8
YTN,0.36,8.76
YW,3.07,11.66
iMBC,n/a,11.13
가비아,12.58,5.38
가온미디어,3.89,15.38
가온전선,0.04,11.43
감마누,n/a,n/a
강남제비스코,7.71,25.95
강스템바이오텍,n/a,n/a
강원랜드,8.39,13.78
갤럭시아에스엠,n/a,n/a
갤럭시아컴즈,6.49,18.03
게임빌,n/a,n/a
경남스틸,6.49,7.95
경남제약,16.85,n/a
경농,3.08,15.67
경동나비엔,9.23,10.45
경동도시가스,11.11,2.37
경동인베스트,7.35,2.79
경동제약,2.42,11.36
경방,2.87,8.25
경보제약,9.03,9.81
경인양행,6.59,10.91
경인전자,n/a,n/a
경창산업,n/a,7.48
계룡건설산업,24.46,2.85
계양전기,5.16,6.29
고려개발,0.58,7.33
고려산업,4.34,11.81
고려시멘트,5.67,13.28
고려신용정보,25.63,6.63
고려아연,8.64,8.1
고려제강,0.25,6.12
고려제약,10.96,17.42
고영,21.86,22.43
골드퍼시픽,n/a,n/a
골든브릿지이안5호,n/a,n/a
골든센츄리,14.99,2.25
골프존,10.63,6.1
골프존뉴딘홀딩스,n/a,26.12
골프존데카,n/a,n/a
관악산업,9.29,3.02
광동제약,5.61,7.48
광림,n/a,45.72
광명전기,2.93,22.12
광전자,3.07,11.39
광주신세계,7.52,5.14
광진실업,0.92,13.42
광진윈텍,n/a,n/a
교보7호스팩,0.23,n/a
교보8호스팩,n/a,n/a
교보증권,9.11,n/a
구영테크,9.65,9.06
국도화학,9.5,4.68
국동,6.53,10.03
국보,n/a,n/a
국보디자인,13.35,5.98
국순당,n/a,n/a
국영지앤엠,n/a,101.78
국일신동,2.46,27.76
국일제지,n/a,105.63
국제약품,3.21,16.64
굿센,n/a,n/a
그린케미칼,2.32,5.61
그린플러스,9.27,7.33
극동유화,10.57,8.18
글로벌에스엠,n/a,7.18
글로벌텍스프리,12.13,41.72
글로본,6.66,51.08
금강공업,5.18,4.95
금강철강,4.86,29.56
금비,7.15,5.86
금양,29.84,8.48
금호산업,n/a,11.71
금호석유화학,23.45,5.25
금호에이치티,7.23,6.22
금호전기,n/a,n/a
금호타이어,n/a,21.84
금화피에스시,19.69,4.14
기가레인,n/a,33.06
기산텔레콤,n/a,n/a
기신정기,3.94,10.93
기아자동차,4.27,4.42
기업은행,8.62,n/a
까뮤이앤씨,2.93,17.71
깨끗한나라,n/a,n/a
나노,n/a,12.67
나노메딕스,n/a,n/a
나노스,n/a,750.95
나노신소재,8.93,13.39
나노엔텍,11.24,20.68
나노캠텍,1.8,15.96
나눔테크,36.43,5.85
나라소프트,41.31,41.64
나라엠앤디,4.74,11.26
나무가,12.19,5.29
나무기술,n/a,n/a
나스미디어,15.03,9.15
나우아이비캐피탈,3.77,n/a
나이벡,n/a,n/a
나이스디앤비,22.21,9.54
나이스정보통신,15.94,3.82
남광토건,12.37,10.08
남선알미늄,15.94,23.34
남성,n/a,43.42
남양유업,0.23,10.03
남영비비안,n/a,n/a
남해화학,1.97,18.31
남화산업,3.37,39.46
남화토건,0.46,93.16
내츄럴엔도텍,n/a,n/a
네오디안테크놀로지,n/a,n/a
네오셈,n/a,n/a
네오오토,7.73,4.31
네오위즈,11.42,10.49
네오위즈홀딩스,6.6,12.61
네오티스,6.83,6.99
네오팜,28.76,16.79
네오펙트,n/a,n/a
네이블커뮤니케이션즈,n/a,n/a
네이처셀,5.41,293.65
네추럴FNP,1.89,11.56
네패스,17.0,4.06
네패스신소재,n/a,n/a
넥센,6.63,9.56
넥센타이어,7.5,5.59
넥스턴,5.93,29.89
넥스트BT,3.25,26.71
넥스트사이언스,n/a,n/a
넥스트아이,n/a,19.59
넥슨지티,n/a,n/a
넵튠,n/a,n/a
넷게임즈,n/a,n/a
넷마블,4.36,30.11
노랑풍선,11.83,0.0
노루페인트,4.2,7.78
노루홀딩스,n/a,11.91
노바렉스,14.51,10.9
노바텍,29.21,16.55
노브메타파마,n/a,n/a
녹십자,3.28,20.8
녹십자랩셀,2.09,345.22
녹십자셀,24.18,113.09
녹십자엠에스,n/a,n/a
녹십자홀딩스,2.28,24.47
녹원씨엔아이,9.9,7.86
농심,4.54,9.02
농심홀딩스,5.32,7.3
농우바이오,14.28,17.34
누리텔레콤,21.34,3.98
누리플랜,2.46,n/a
뉴로스,n/a,50.55
뉴보텍,3.66,21.5
뉴인텍,n/a,n/a
뉴지랩,n/a,n/a
뉴트리,7.79,10.54
뉴파워프라즈마,10.65,6.85
뉴프라이드,n/a,n/a
뉴프렉스,13.73,5.35
다나와,19.68,9.34
다날,1.74,25.45
다믈멀티미디어,n/a,n/a
다산네트웍스,n/a,17.24
다스코,14.67,5.84
다우기술,9.78,5.59
다우데이타,7.28,5.9
다원넥스뷰,2.87,4.09
다원시스,4.31,25.84
다이노나,n/a,n/a
다이오진,34.1,18.22
대교,2.94,11.43
대구백화점,n/a,n/a
대덕전자,35.2,8.93
대동고려삼,5.39,12.15
대동공업,0.58,15.15
대동금속,2.83,10.79
대동기어,0.35,10.64
대동스틸,0.07,638.01
대동전자,0.44,16.65
대륙제관,3.56,6.26
대림비앤코,2.62,8.9
대림산업,12.37,4.48
대림씨엔에스,n/a,12.31
대림제지,9.12,5.7
대림통상,n/a,22.86
대명코퍼레이션,n/a,16.81
대보마그네틱,18.44,52.99
대봉엘에스,8.65,7.4
대상,7.27,7.0
대상홀딩스,4.55,6.29
대성미생물,10.02,15.34
대성산업,n/a,21.91
대성에너지,4.28,3.82
대성엘텍,n/a,18.62
대성창투,3.27,n/a
대성파인텍,5.93,26.89
대성홀딩스,4.79,5.65
대신밸런스제4호스팩,0.54,n/a
대신밸런스제5호스팩,n/a,n/a
대신밸런스제6호스팩,n/a,n/a
대신정보통신,3.57,n/a
대신증권,7.34,n/a
대아티아이,7.16,59.06
대양금속,19.3,6.86
대양전기공업,6.69,8.38
대양제지,30.75,2.59
대영포장,7.88,8.9
대우건설,13.2,4.77
대우부품,2.98,20.82
대우조선해양,9.53,5.53
대웅,5.36,10.95
대웅제약,n/a,33.64
대원,11.72,4.72
대원강업,3.77,5.07
대원모방,4.76,36.97
대원미디어,2.89,10.18
대원산업,10.66,2.7
대원전선,1.53,20.97
대원제약,13.51,7.76
대원화성,3.62,12.32
대유,13.43,22.51
대유에이텍,n/a,11.58
대유에이피,24.53,4.51
대유위니아,n/a,11.22
대유플러스,3.09,2.68
대정화금,9.44,9.34
대주산업,3.31,15.24
대주이엔티,11.54,5.01
대주전자재료,0.58,39.08
대창,5.7,13.47
대창단조,7.11,5.2
대창솔루션,n/a,n/a
대창스틸,n/a,23.13
대한과학,7.19,9.82
대한광통신,14.97,18.4
대한뉴팜,5.18,7.57
대한방직,9.26,n/a
대한약품,22.26,5.11
대한유화,16.22,2.2
대한전선,n/a,18.06
대한제강,n/a,5.9
대한제당,2.16,10.31
대한제분,7.05,5.45
대한항공,n/a,7.24
대한해운,11.88,9.19
대한화섬,9.15,25.37
대현,8.34,4.44
대호에이엘,2.72,33.53
대호피앤씨,3.01,12.35
대화제약,8.65,40.91
더블유게임즈,19.02,8.49
더블유에프엠,n/a,n/a
더존비즈온,23.36,21.94
더콘텐츠온,3.37,25.51
덕산네오룩스,14.28,14.23
덕산하이메탈,6.49,29.06
덕성,n/a,58.88
덕신하우징,12.75,5.02
덕양산업,n/a,3.17
덕우전자,n/a,7.57
데브시스터즈,n/a,n/a
데이타솔루션,n/a,n/a
데이터스트림즈,n/a,266.78
데일리블록체인,n/a,n/a
데코앤이,n/a,n/a
덱스터,5.4,20.01
덴티움,19.25,17.19
도이치모터스,20.58,6.16
도화엔지니어링,5.69,14.13
동구바이오제약,8.32,23.33
동국S&C,n/a,157.43
동국산업,2.82,8.9
동국알앤에스,3.96,6.99
동국제강,n/a,8.54
동국제약,16.27,8.31
동남합성,10.39,7.42
동방,14.67,8.28
동방선기,n/a,n/a
동방아그로,4.69,9.58
동부건설,22.21,4.36
동부스팩5호,0.98,n/a
동부제철,n/a,43.6
동북아12호선박투자,6.0,16.23
동북아13호선박투자,6.0,16.58
동서,9.39,35.99
동성제약,n/a,2120.84
동성코퍼레이션,n/a,15.33
동성화인텍,n/a,n/a
동성화학,5.62,6.85
동신건설,1.13,33.54
동아쏘시오홀딩스,n/a,12.42
동아에스티,1.38,14.84
동아엘텍,11.19,4.96
동아지질,11.32,3.57
동아타이어,4.88,9.39
동아화성,6.56,5.19
동양,0.39,46.69
동양고속,1.17,12.03
동양네트웍스,n/a,n/a
동양물산기업,n/a,23.5
동양생명,2.34,n/a
동양에스텍,n/a,23.15
동양이엔피,2.54,5.65
동양철관,n/a,63.28
동양파일,n/a,196.2
동양피스톤,12.88,5.99
동양피엔에프,20.26,3.71
동우팜투테이블,10.07,5.17
동운아나텍,n/a,n/a
동원F&B,9.26,11.58
동원개발,18.79,2.27
동원금속,n/a,7.03
동원산업,7.35,6.45
동원수산,4.08,8.73
동원시스템즈,13.17,9.36
동일고무벨트,5.65,5.28
동일금속,8.93,6.09
동일기연,n/a,n/a
동일산업,4.48,5.5
동일제강,0.1,13.01
동일철강,n/a,n/a
동진쎄미켐,16.85,5.71
동화기업,7.02,6.33
동화약품,3.39,11.27
두산,n/a,9.29
두산건설,n/a,n/a
두산밥캣,7.38,6.66
두산인프라코어,14.04,5.89
두산중공업,n/a,8.42
두올,9.1,2.19
두올산업,n/a,19.57
두원석재,n/a,10.48
듀오백,n/a,n/a
듀켐바이오,n/a,55.28
드래곤플라이,n/a,n/a
드림시큐리티,14.31,32.12
드림어스컴퍼니,n/a,83.94
드림텍,29.49,0.89
드림티엔터테인먼트,n/a,2.0
디딤,8.37,15.09
디바이스이엔지,25.39,3.15
디스플레이텍,2.01,10.98
디씨엠,4.29,11.84
디아이,7.86,4.49
디아이동일,0.0,6.35
디아이씨,n/a,9.68
디아이티,5.29,17.62
디알젬,20.99,16.37
디알텍,4.31,19.89
디앤씨미디어,14.36,29.15
디에스케이,21.27,5.87
디에스티,n/a,28.81
디에이치피코리아,11.03,10.34
디에이테크놀로지,n/a,52.32
디에이피,7.58,3.46
디엔에이링크,n/a,n/a
디엔에프,16.46,4.43
디엠티,5.2,18.66
디오,4.87,33.68
디오스텍,n/a,n/a
디와이,1.75,4.29
디와이파워,18.33,4.27
디이엔티,n/a,n/a
디자인,3.24,46.13
디젠스,n/a,40.69
디지아이,n/a,n/a
디지캡,5.53,10.5
디지탈옵틱,n/a,n/a
디지털대성,8.48,6.19
디지틀조선,7.24,9.73
디케이디앤아이,8.11,20.43
디케이락,6.92,10.24
디케이앤디,8.78,6.89
디케이티,n/a,7.96
디티알오토모티브,10.76,3.26
디티앤씨,1.98,9.84
디피씨,7.99,15.99
디피코,3.95,18.22
딜리,4.52,105.01
라온시큐어,21.09,14.56
라온테크,n/a,44.81
라이브플렉스,n/a,95.98
라이온켐텍,1.79,20.51
라이트론,n/a,n/a
라이프사이언스테크놀로지,n/a,n/a
락앤락,4.68,19.49
래몽래인,64.73,n/a
램테크놀러지,8.2,12.37
랩지노믹스,n/a,48.89
러셀,0.16,8.53
럭스피아,6.01,2.9
럭슬,n/a,n/a
레고켐바이오,n/a,n/a
레드로버,n/a,n/a
레드캡투어,9.76,2.12
레이언스,8.77,9.66
로고스바이오,n/a,n/a
로보로보,10.89,11.5
로보스타,n/a,51.72
로보쓰리,n/a,n/a
로보티즈,4.87,69.21
로스웰,6.23,4.87
로지시스,4.49,26.27
로체시스템즈,n/a,968.25
롯데관광개발,n/a,230.51
롯데손해보험,16.44,n/a
롯데쇼핑,n/a,8.56
롯데정밀화학,16.72,3.63
롯데정보통신,9.65,7.35
롯데제과,0.94,8.84
롯데지주,2.8,27.46
롯데칠성음료,n/a,10.48
롯데케미칼,13.04,3.91
롯데푸드,6.31,8.36
롯데하이마트,4.18,6.02
루멘스,n/a,185.23
루미마이크로,n/a,n/a
루켄테크놀러지스,2.11,8.22
루트로닉,n/a,n/a
룽투코리아,22.56,10.82
리노공업,19.82,12.01
리노스,3.2,29.48
리더스코스메틱,n/a,n/a
리드,n/a,n/a
리드코프,9.83,18.75
리메드,n/a,n/a
리켐,n/a,30.81
린드먼아시아,12.51,n/a
링네트,6.51,11.76
링크제니시스,10.27,28.73
마니커,n/a,19.81
마이크로컨텍솔,n/a,n/a
마이크로텍,n/a,n/a
마이크로프랜드,n/a,102.98
마제스타,n/a,n/a
마크로젠,3.34,22.41
만도,7.64,5.7
만호제강,1.17,10.05
매일유업,18.39,6.26
매일홀딩스,9.68,3.66
매직마이크로,n/a,23.97
매커스,18.7,5.05
맥스로텍,5.66,5.55
맥쿼리인프라,n/a,n/a
맵스리얼티1,n/a,n/a
머큐리,25.53,13.34
멀티캠퍼스,19.36,10.29
메가스터디,9.12,10.2
메가스터디교육,20.86,4.49
메가엠디,1.91,7.79
메디쎄이,16.31,10.78
메디아나,6.95,10.93
메디안디노스틱,5.45,41.59
메디젠휴먼케어,n/a,n/a
메디톡스,31.5,33.68
메디파트너생명공학,n/a,n/a
메디포스트,n/a,n/a
메디프론,n/a,n/a
메리츠금융지주,13.87,n/a
메리츠종금증권,13.0,n/a
메리츠화재,11.55,n/a
메이슨캐피탈,n/a,n/a
메지온,n/a,n/a
메카로,22.5,3.79
메타랩스,n/a,n/a
메타바이오메드,n/a,85.13
멕아이씨에스,n/a,n/a
멜파스,n/a,n/a
명문제약,1.05,32.48
명성티엔에스,6.73,40.14
명진홀딩스,15.59,14.51
모나리자,n/a,102.96
모나미,0.84,8.09
모다,n/a,n/a
모다이노칩,7.8,6.87
모두투어,9.31,23.46
모두투어리츠,2.16,17.79
모바일리더,13.44,8.97
모바일어플라이언스,7.06,16.98
모베이스,9.79,2.16
모비스,n/a,n/a
모아텍,1.42,24.1
모토닉,2.47,19.42
모트렉스,1.03,20.9
모헨즈,5.2,17.56
무림P&P,11.83,4.79
무림SP,5.63,15.28
무림페이퍼,8.06,5.8
무학,n/a,20.67
문배철강,4.7,19.32
미디어젠,n/a,2882.26
미래SCI,n/a,n/a
미래나노텍,4.19,6.94
미래산업,n/a,n/a
미래생명자원,6.69,24.87
미래아이앤지,n/a,n/a
미래에셋대우,5.83,n/a
미래에셋대우스팩1호,0.44,n/a
미래에셋대우스팩2호,n/a,n/a
미래에셋벤처투자,n/a,n/a
미래에셋생명,5.18,n/a
미래에셋제5호스팩,0.18,n/a
미래컴퍼니,19.53,14.11
미래테크놀로지,n/a,8.31
미스터블루,9.04,11.3
미애부,n/a,n/a
미원상사,11.37,4.75
미원에스씨,17.74,6.21
미원홀딩스,7.62,18.29
미원화학,8.51,6.67
미창석유공업,4.31,8.77
미코,18.67,3.94
미코바이오메드,n/a,n/a
미투온,17.07,6.16
민앤지,14.79,8.3
바다로19호,16.31,7.74
바디텍메드,n/a,23.82
바른손,n/a,n/a
바른손이앤에이,153.19,n/a
바른전자,n/a,n/a
바른테크놀로지,n/a,n/a
바이넥스,4.56,18.64
바이오니아,n/a,n/a
바이오로그디바이스,13.28,4.38
바이오리더스,n/a,n/a
바이오빌,n/a,n/a
바이오솔루션,5.04,150.26
바이오스마트,7.07,7.82
바이오시네틱스,n/a,n/a
바이오제네틱스,n/a,n/a
바이오코아,n/a,16.15
바이오톡스텍,12.53,29.22
바이오프로테크,0.57,13.39
바이온,n/a,n/a
바이옵트로,16.3,15.7
바텍,13.13,6.93
방림,1.61,17.32
배럴,17.2,10.78
백광산업,16.33,4.43
백광소재,3.2,8.47
백금T&A,12.49,5.75
백산,11.66,8.35
버추얼텍,n/a,n/a
버킷스튜디오,n/a,n/a
범양건영,11.62,5.06
베뉴지,1.02,35.37
베셀,3.38,14.98
베스파,n/a,6.41
베트남개발1,n/a,n/a
벽산,3.37,13.19
보광산업,7.86,15.98
보라티알,9.77,7.96
보락,2.54,43.13
보령메디앙스,6.55,24.17
보령제약,8.03,12.64
보성파워텍,n/a,87.86
보해양조,n/a,199.97
본느,1.84,16.03
볼빅,8.41,18.44
부광약품,46.64,37.51
부국증권,6.18,n/a
부국철강,1.85,42.64
부방,1.1,11.33
부산도시가스,8.17,5.45
부산산업,5.92,17.54
부산주공,n/a,49.69
부스타,4.26,15.86
뷰웍스,15.56,12.85
브레인콘텐츠,n/a,45.99
브리지텍,5.01,13.11
브이원텍,22.1,9.06
블러썸엠앤씨,n/a,257.33
블루콤,1.16,16.82
비나텍,29.7,9.01
비덴트,33.48,92.82
비디아이,2.49,15.62
비상교육,1.17,2.93
비씨월드제약,10.13,17.82
비아트론,20.6,4.05
비에이치,47.93,4.76
비에이치아이,n/a,n/a
비엔디생활건강,11.03,13.86
비엔에프코퍼레이션,3.26,11.46
비엠티,11.06,7.72
비즈니스온,15.7,24.05
비츠로셀,13.46,7.91
비츠로시스,n/a,n/a
비츠로테크,5.2,10.61
비트컴퓨터,n/a,n/a
비티원,9.6,121.17
비플라이소프트,n/a,n/a
비피도,3.58,24.39
빅솔론,10.29,7.95
빅텍,2.43,11.42
빅텐츠,n/a,n/a
빙그레,6.37,10.85
빛샘전자,3.16,13.4
사람인에이치알,20.17,10.06
사조대림,4.56,8.17
사조동아원,9.32,10.41
사조산업,8.9,9.37
사조씨푸드,5.88,9.41
사조오양,5.23,8.51
사조해표,5.18,9.84
삼강엠앤티,n/a,n/a
삼광글라스,n/a,480.38
삼기오토모티브,0.47,7.3
삼륭물산,n/a,13.51
삼목에스폼,12.12,2.39
삼보모터스,2.08,6.12
삼보산업,n/a,15.03
삼보판지,19.45,2.86
삼본전자,3.17,93.67
삼부토건,n/a,n/a
삼성SDI,6.05,13.16
삼성공조,2.99,32.96
삼성머스트스팩3호,n/a,n/a
삼성물산,8.06,14.56
삼성바이오로직스,5.51,173.81
삼성생명,5.71,n/a
삼성스팩2호,n/a,n/a
삼성에스디에스,10.91,13.45
삼성엔지니어링,6.6,13.29
삼성전기,14.5,5.24
삼성전자,19.63,3.1
삼성제약,n/a,n/a
삼성중공업,n/a,n/a
삼성증권,7.37,n/a
삼성출판사,0.38,13.77
삼성카드,5.04,n/a
삼성화재해상보험,8.79,n/a
삼아알미늄,2.64,8.32
삼아제약,5.55,8.46
삼양사,4.13,7.41
삼양식품,16.16,6.1
삼양옵틱스,34.73,7.61
삼양통상,8.96,3.57
삼양패키징,8.38,7.59
삼양홀딩스,5.02,7.61
삼영무역,8.99,32.57
삼영엠텍,1.87,14.13
삼영이엔씨,0.32,16.14
삼영전자공업,3.18,12.13
삼영화학공업,n/a,48.72
삼우엠스,n/a,n/a
삼원강재,5.97,5.65
삼원테크,n/a,131.99
삼익THK,9.8,7.48
삼익악기,6.49,12.61
삼일,4.18,8.88
삼일기업공사,5.57,13.12
삼일제약,n/a,n/a
삼정펄프,n/a,25.42
삼지전자,7.62,11.17
삼진,2.49,12.54
삼진엘앤디,2.03,4.57
삼진제약,12.8,8.48
삼천당제약,6.04,41.15
삼천리,2.57,5.43
삼천리자전거,n/a,n/a
삼표시멘트,n/a,16.51
삼현철강,5.07,6.26
삼호,18.7,2.39
삼호개발,12.09,5.16
삼화네트웍스,n/a,n/a
삼화왕관,7.21,6.35
삼화전기,14.29,17.49
삼화전자공업,n/a,1018.98
삼화콘덴서공업,63.52,6.3
삼화페인트공업,0.26,12.82
상보,n/a,12.26
상상인,37.93,4.83
상상인인더스트리,n/a,n/a
상상인증권,n/a,n/a
상신브레이크,4.91,5.42
상신이디피,17.57,7.92
상신전자,6.21,15.64
상아프론테크,10.55,9.88
상지카일룸,27.06,53.96
새로닉스,9.9,8.23
새론오토모티브,3.35,5.22
샘코,n/a,n/a
샘표,8.82,5.29
샘표식품,14.58,4.37
서린바이오,4.99,22.6
서부T&D,n/a,60.38
서산,n/a,97.27
서암기계공업,5.87,17.14
서연,n/a,9.22
서연이화,n/a,5.71
서연전자,n/a,9.27
서연탑메탈,n/a,19.5
서울도시가스,4.46,11.55
서울리거,n/a,126.21
서울반도체,10.1,6.95
서울식품공업,2.3,20.33
서울옥션,10.0,19.41
서울전자통신,n/a,303.25
서울제약,n/a,n/a
서원,7.47,13.77
서원인텍,3.15,7.44
서전기전,9.55,7.06
서진시스템,17.95,7.45
서진오토모티브,n/a,8.84
서플러스글로벌,17.46,4.46
서한,14.41,2.87
서호전기,8.88,8.92
서흥,9.47,8.55
서희건설,13.22,2.38
선광,3.42,6.64
선데이토즈,7.51,19.41
선도전기,n/a,31.66
선바이오,n/a,310.5
선익시스템,5.9,6.86
선진,5.61,12.44
선창산업,n/a,21.92
성광벤드,n/a,n/a
성도이엔지,8.15,3.4
성문전자,0.7,22.42
성보화학,3.89,34.13
성신양회,4.38,8.52
성안,n/a,124.23
성우전자,7.97,2.54
성우테크론,12.14,4.24
성우하이텍,2.42,5.07
성창기업지주,n/a,n/a
성창오토텍,n/a,13.57
성호전자,n/a,13.15
세기상사,n/a,178.25
세동,n/a,12.58
세명전기,5.34,28.8
세미콘라이트,n/a,76.25
세방,5.47,11.19
세방전지,10.32,3.29
세보엠이씨,14.53,3.14
세아베스틸,1.14,8.3
세아제강,n/a,20.47
세아제강지주,29.05,8.46
세아특수강,3.56,5.22
세아홀딩스,1.72,8.66
세우글로벌,1.63,63.61
세운메디칼,11.79,9.86
세원,4.62,13.64
세원물산,3.21,2.33
세원셀론텍,n/a,n/a
세원정공,n/a,27.55
세이브존I&C,6.17,3.59
세종공업,n/a,6.07
세종머티리얼즈,n/a,66.32
세종메디칼,11.7,17.51
세종텔레콤,n/a,21.6
세중,n/a,34.83
세진중공업,1.13,18.24
세진티에스,n/a,346.47
세코닉스,n/a,6.62
세하,23.41,8.7
세화아이엠씨,n/a,n/a
세화피앤씨,4.46,31.62
셀루메드,n/a,n/a
셀리드,n/a,n/a
셀리버리,n/a,n/a
셀바스AI,n/a,n/a
셀바스헬스케어,n/a,n/a
셀젠텍,18.45,32.96
셀트리온,10.84,61.4
셀트리온제약,n/a,141.33
셀트리온헬스케어,0.68,n/a
소리바다,n/a,n/a
소프트센,n/a,31.85
소프트캠프,25.49,1.5
손오공,5.65,34.9
솔고바이오,n/a,n/a
솔루에타,n/a,6.46
솔본,7.46,8.72
솔브레인,14.53,3.93
솔트웍스,0.09,45.41
송원산업,9.61,7.63
쇼박스,3.11,4.14
수산아이앤티,4.37,10.56
수산중공업,6.95,48.96
수성,n/a,n/a
수젠텍,n/a,n/a
수프로,10.97,11.42
슈펙스비앤피,n/a,n/a
슈프리마,11.06,11.55
슈프리마에이치큐,5.57,8.46
슈피겐코리아,17.7,6.37
스맥,n/a,38.85
스카이문스테크놀로지,n/a,n/a
스킨앤스킨,n/a,n/a
스타플렉스,7.84,22.07
스템랩,n/a,n/a
스튜디오드래곤,9.31,22.51
스튜디오썸머,n/a,n/a
스페코,n/a,n/a
승일,5.73,7.14
시공테크,1.51,n/a
시그네틱스,n/a,4.57
시그넷이브이,n/a,20.7
시너지이노베이션,n/a,18.9
시노펙스,1.11,17.99
시디즈,17.13,15.56
시스웍,14.15,7.99
시큐브,10.06,17.85
시큐센,n/a,32.64
신대양제지,24.79,2.95
신도리코,4.06,9.69
신라교역,8.17,16.52
신라섬유,1.21,73.62
신라에스지,n/a,19.51
신라젠,n/a,n/a
신성델타테크,3.43,7.48
신성이엔지,10.92,23.47
신성통상,3.31,10.82
신세계,6.94,9.92
신세계I&C,16.32,7.1
신세계건설,24.25,3.33
신세계인터내셔날,11.09,17.88
신세계푸드,2.69,7.35
신송홀딩스,n/a,44.22
신스타임즈,n/a,n/a
신신제약,5.43,32.98
신영스팩4호,n/a,n/a
신영와코루,0.88,41.48
신영증권,6.73,n/a
신원,n/a,27.54
신원종합개발,16.89,4.18
신일산업,18.87,5.84
신일제약,6.14,7.89
신진에스엠,4.66,8.31
신풍제약,0.92,21.58
신풍제지,18.04,2.36
신한,n/a,2.07
신한알파리츠,n/a,510.7
신한제3호스팩,0.66,n/a
신한제4호스팩,1.0,n/a
신한지주,9.21,n/a
신화실업,1.76,16.1
신화인터텍,n/a,12.86
신화콘텍,n/a,7.47
신흥,3.52,27.13
신흥에스이씨,12.52,13.11
실리콘웍스,11.4,8.49
심텍,2.36,3.57
심텍홀딩스,0.53,3.6
싸이맥스,12.89,4.67
싸이토젠,n/a,n/a
쌍방울,n/a,45.93
쌍용양회공업,7.51,10.03
쌍용자동차,n/a,4.34
쌍용정보통신,50.09,15.03
써니전자,9.42,66.43
썬테크,n/a,n/a
썬텍,n/a,n/a
썸에이지,n/a,n/a
쎄노텍,n/a,737.84
쎄니트,4.37,10.2
쎄미시스코,2.97,64.18
쎄트렉아이,8.23,9.21
쎌바이오텍,19.8,11.2
쏠리드,9.48,26.72
씨씨에스,n/a,29.54
씨아이에스,n/a,n/a
씨아이테크,n/a,34.84
씨알푸드,4.41,25.79
씨앗,1.64,9.17
씨앤에스링크,6.51,7.15
씨앤지하이테크,24.08,3.9
씨에스윈드,1.96,12.78
씨엔플러스,n/a,n/a
씨엠에스에듀,12.31,13.94
씨유메디칼,3.91,12.27
씨이랩,n/a,n/a
씨젠,7.48,25.09
씨케이에이치,n/a,n/a
씨큐브,9.27,8.91
씨트리,n/a,n/a
씨티네트웍스,n/a,4.64
씨티씨바이오,n/a,n/a
씨티젠,n/a,35.35
씨티케이코스메틱스,4.69,34.24
아가방컴퍼니,n/a,n/a
아나패스,n/a,n/a
아난티,n/a,46.12
아남전자,n/a,n/a
아리온,n/a,n/a
아모그린텍,n/a,n/a
아모레퍼시픽,7.75,17.85
아모레퍼시픽그룹,4.65,10.83
아모텍,3.66,8.7
아미노로직스,16.26,34.9
아미코젠,37.11,64.25
아바코,22.73,3.88
아바텍,5.63,6.76
아비코전자,26.39,6.95
아세아,7.07,5.59
아세아시멘트,2.08,7.57
아세아제지,15.83,2.59
아세아텍,3.05,11.48
아스타,n/a,n/a
아스트,3.94,20.39
아시아경제,31.09,8.73
아시아나IDT,6.6,6.99
아시아나항공,n/a,7.05
아시아종묘,n/a,n/a
아우딘퓨쳐스,18.33,16.54
아이디스,2.86,30.03
아이디스홀딩스,10.72,7.0
아이마켓코리아,3.25,6.04
아이센스,13.16,9.2
아이쓰리시스템,14.55,8.65
아이씨디,22.47,2.98
아이씨케이,n/a,n/a
아이앤씨,3.82,13.15
아이에스동서,23.01,3.28
아이에스이커머스,n/a,n/a
아이에이,n/a,92.44
아이에이치큐,n/a,5.54
아이엘사이언스,42.77,39.36
아이엠,n/a,7.56
아이엠텍,n/a,n/a
아이오케이,n/a,n/a
아이원스,4.29,8.66
아이즈비전,13.22,6.71
아이진,n/a,n/a
아이컴포넌트,n/a,264.21
아이케이세미콘,7.13,16.57
아이큐어,n/a,n/a
아이크래프트,n/a,65.21
아이텍,4.97,11.18
아이티센,n/a,19.51
아이피몬스터,n/a,n/a
아주IB투자,8.19,n/a
아주캐피탈,12.5,n/a
아즈텍WB,4.4,13.71
아진산업,n/a,5.88
아진엑스텍,10.87,9.18
아프리카TV,26.6,14.56
안국약품,9.32,6.96
안랩,12.08,18.03
안지오랩,n/a,310.08
안트로젠,n/a,n/a
알로이스,47.28,3.52
알루코,0.94,10.39
알리코제약,2.99,13.79
알서포트,9.73,18.58
알에스오토메이션,2.6,36.13
알에프세미,0.45,10.79
알에프텍,5.51,11.33
알엔투테크놀로지,4.43,15.57
알테오젠,n/a,n/a
알톤스포츠,n/a,128.93
알티캐스트,n/a,8.38
알파홀딩스,n/a,n/a
앙츠,46.79,3.17
애경산업,28.48,14.29
애경유화,16.36,4.1
애니젠,n/a,n/a
액션스퀘어,n/a,n/a
액토즈소프트,n/a,192.57
액트,6.97,8.44
액트로,30.38,2.84
앤디포스,n/a,24.72
앤씨앤,n/a,n/a
앤유엔터테인먼트,n/a,n/a
앱클론,n/a,n/a
야스,29.17,4.44
양지사,3.95,31.72
어보브반도체,10.8,6.83
엄지하우스,10.0,4.46
에너전트,n/a,n/a
에너토크,3.25,14.47
에넥스,2.28,17.82
에듀파트너,5.48,0.96
에버다임,5.4,5.96
에브리봇,5.48,28.18
에스넷,6.63,7.21
에스디생명공학,8.3,16.35
에스디시스템,n/a,n/a
에스마크,n/a,n/a
에스맥,4.01,10.44
에스모,n/a,353.99
에스씨디,7.83,6.64
에스아이리소스,n/a,27.05
에스알바이오텍,n/a,n/a
에스앤더블류,n/a,n/a
에스앤디,16.95,19.53
에스앤씨엔진그룹,4.13,1.63
에스앤에스텍,5.85,6.26
에스에너지,n/a,19.88
에스에스알,7.19,28.31
에스에이엠티,15.67,6.06
에스에이티,8.53,4.8
에스에이티이엔지,15.69,7.53
에스에프씨,n/a,n/a
에스에프에이,20.22,4.96
에스엔유,9.68,6.3
에스엔텍,14.11,11.12
에스엔피제네틱스,38.71,n/a
에스엘,3.01,7.95
에스엘에스바이오,n/a,48.31
에스엠,7.96,15.45
에스엠비나,31.36,4.54
에스엠코어,2.0,89.75
에스와이,1.61,13.92
에스원,8.34,11.12
에스제이엠,2.62,7.82
에스제이엠홀딩스,2.11,17.4
에스제이케이,n/a,n/a
에스제이켐,n/a,n/a
에스케이씨에스,n/a,18.4
에스코넥,15.47,3.99
에스텍,15.15,4.19
에스텍파마,7.68,23.0
에스트래픽,n/a,n/a
에스티아이,16.44,5.81
에스티오,n/a,12.01
에스티큐브,n/a,n/a
에스티팜,n/a,n/a
에스폴리텍,3.33,8.16
에스퓨얼셀,8.22,86.16
에스피지,6.93,11.59
에쎈테크,6.86,17.45
에쓰씨엔지니어링,41.43,7.08
에어부산,14.79,10.67
에이디칩스,n/a,n/a
에이디테크놀로지,19.36,7.25
에이리츠,14.58,72.57
에이블씨엔씨,n/a,n/a
에이비엘바이오,n/a,n/a
에이비온,n/a,n/a
에이스침대,6.96,5.69
에이스테크,4.4,11.14
에이씨티,n/a,n/a
에이아이비트,n/a,25.52
에이앤티앤,n/a,n/a
에이엔피,n/a,1241.34
에이원알폼,4.54,4.8
에이치시티,8.26,4.72
에이치엔에스하이텍,n/a,n/a
에이치엔티,0.47,3.29
에이치엘비,20.12,n/a
에이치엘비생명과학,n/a,n/a
에이치엘비파워,n/a,n/a
에이치엘사이언스,18.71,17.23
에이치케이,3.03,21.25
에이테크솔루션,0.86,10.88
에이텍,8.99,12.83
에이텍티앤,7.21,7.2
에이티넘인베스트,9.6,n/a
에이티세미콘,10.82,3.68
에이티젠,n/a,n/a
에이펙스인텍,11.13,13.55
에이프로젠 H&G,5.26,428.16
에이프로젠 KIC,n/a,121.42
에이프로젠제약,n/a,401.69
에이피티씨,45.18,6.18
에치에프알,n/a,19.72
에코마이스터,n/a,n/a
에코마케팅,19.46,10.45
에코바이오,n/a,36.05
에코캡,3.59,8.33
에코프로,24.03,11.25
에코프로비엠,26.73,2.48
에코플라스틱,n/a,5.58
에프알텍,n/a,n/a
에프앤가이드,7.03,18.55
에프앤리퍼블릭,6.87,12.03
에프에스티,19.36,3.26
에프엔씨엔터,n/a,n/a
에프엔에스테크,7.96,7.79
엑사이엔씨,n/a,6.98
엑세스바이오,n/a,n/a
엑셈,11.6,17.47
엑시콘,4.71,7.71
엔브이에이치코리아,n/a,11.47
엔솔바이오사이언스,n/a,n/a
엔시트론,n/a,n/a
엔씨소프트,16.44,15.94
엔에스,12.64,13.49
엔에스쇼핑,8.06,8.02
엔에스엔,n/a,n/a
엔에스컴퍼니,7.95,71.8
엔에이치스팩10호,1.33,n/a
엔에이치스팩11호,1.19,n/a
엔에이치스팩12호,1.02,n/a
엔에이치스팩13호,n/a,n/a
엔에이치스팩14호,n/a,n/a
엔에이치엔,5.79,12.03
엔지스테크널러지,n/a,n/a
엔지켐생명과학,n/a,n/a
엔케이,n/a,n/a
엔케이맥스,n/a,n/a
엔케이물산,n/a,n/a
엔터메이트,n/a,n/a
엔텔스,5.89,34.0
엔피씨,4.63,3.61
엔피케이,n/a,7.74
엘디티,3.86,28.63
엘리비젼,n/a,n/a
엘브이엠씨,n/a,n/a
엘비세미콘,14.09,5.35
엘아이에스,0.42,17.13
엘앤씨바이오,15.03,23.91
엘앤에프,14.83,27.58
엘앤케이바이오,n/a,n/a
엘에이티,25.4,19.63
엘엠에스,5.74,2.8
엘오티베큠,14.45,3.8
엘컴텍,4.31,38.0
엘티씨,0.96,9.2
엠게임,8.15,10.18
엠로,n/a,15.56
엠벤처투자,8.48,n/a
엠씨넥스,26.19,2.63
엠아이텍,1.23,16.08
엠앤씨생명과학,n/a,n/a
엠에스씨,14.13,8.67
엠에스오토텍,4.1,5.09
엠에프엠코리아,2.74,23.97
엠젠플러스,n/a,n/a
엠케이전자,8.47,5.32
엠코르셋,7.9,8.18
엠플러스,4.36,34.36
연우,3.89,14.34
연이정보통신,3.6,5.51
영보화학,4.07,5.33
영신금속,10.42,9.53
영우디에스피,n/a,n/a
영원무역,8.15,6.85
영원무역홀딩스,8.49,5.77
영인프런티어,9.24,57.47
영진약품,n/a,246.22
영풍,3.69,28.33
영풍정밀,3.8,10.44
영풍제지,13.72,3.47
영화금속,1.48,19.87
영화테크,8.27,12.0
영흥철강,n/a,21.99
예림당,9.15,4.82
예스24,n/a,32.55
예스코홀딩스,1.15,7.78
예스티,n/a,38.86
옐로페이,n/a,n/a
오가닉티코스메틱,19.43,2.33
오공,9.59,5.53
오디텍,2.98,17.39
오뚜기,13.87,12.64
오렌지라이프,8.37,n/a
오로라,5.96,10.95
오르비텍,5.38,16.87
오리엔탈정공,n/a,n/a
오리엔트바이오,n/a,315.19
오리엔트정공,n/a,n/a
오리온,10.31,12.47
오리온홀딩스,3.03,5.53
오리콤,11.83,4.8
오상자이엘,n/a,98.83
오성첨단소재,5.27,30.56
오션브릿지,29.43,3.86
오스코텍,10.28,95.79
오스테오닉,n/a,31.72
오스템,n/a,15.04
오스템임플란트,11.45,19.34
오이솔루션,3.83,26.66
오킨스전자,0.5,4.62
오텍,11.25,5.91
오파스넷,9.77,15.97
오픈베이스,n/a,37.41
올릭스,n/a,n/a
옴니시스템,4.31,14.25
옴니텔,11.41,n/a
옵토팩,n/a,n/a
옵트론텍,3.67,7.01
옵티시스,8.1,9.72
옵티팜,n/a,20000.31
와이디온라인,n/a,n/a
와이비엠넷,0.87,15.5
와이솔,18.89,3.86
와이아이케이,30.71,4.48
와이엔텍,8.06,6.65
와이엠씨,19.93,4.97
와이엠티,12.01,7.6
와이오엠,n/a,183.03
와이제이엠게임즈,n/a,n/a
와이지-원,6.8,8.35
와이지엔터테인먼트,5.07,49.99
와토스코리아,3.98,13.1
용평리조트,2.48,9.39
우노앤컴퍼니,n/a,26.43
우리금융지주,n/a,n/a
우리기술,n/a,n/a
우리기술투자,15.78,n/a
우리넷,3.58,22.26
우리들제약,8.3,13.8
우리들휴브레인,n/a,n/a
우리로,n/a,13.15
우리바이오,n/a,8.8
우리산업,11.78,12.95
우리산업홀딩스,1.41,8.02
우리손에프앤지,15.93,5.29
우리이앤엘,3.66,5.55
우리조명,n/a,10.88
우리종금,11.12,n/a
우림기계,4.88,6.61
우성사료,n/a,143.24
우수AMS,2.47,9.26
우신시스템,n/a,25.2
우원개발,n/a,24.99
우정바이오,n/a,n/a
우주일렉트로,0.37,5.3
우진,n/a,79.57
우진비앤지,n/a,n/a
우진아이엔에스,15.52,4.08
우진플라임,n/a,n/a
웅진,n/a,n/a
웅진씽크빅,7.2,4.38
웅진에너지,n/a,n/a
웅진코웨이,33.84,7.78
원림,n/a,18.75
원익,n/a,25.61
원익IPS,25.45,6.67
원익QnC,21.25,6.64
원익머트리얼즈,16.27,4.46
원익큐브,n/a,155.2
원익홀딩스,10.83,5.93
원일특강,6.34,9.52
원텍,0.1,n/a
원풍,2.73,10.14
원풍물산,n/a,435.95
월덱스,28.23,4.03
웨이브일렉트로,n/a,n/a
웰바이오텍,n/a,n/a
웰크론,10.1,12.66
웰크론강원,4.19,51.17
웰크론한텍,n/a,15.81
웹스,n/a,11.72
웹젠,17.28,9.9
웹케시,28.29,23.13
위닉스,17.46,10.14
위메이드,n/a,n/a
위세아이텍,19.45,10.35
위월드,10.57,6.37
위즈코프,0.62,17.92
위지윅스튜디오,18.75,14.22
위지트,10.05,15.17
윈스,12.04,9.63
윈팩,4.19,6.99
윈하이텍,11.74,7.94
윌비스,n/a,10.69
윙입푸드,31.07,1.89
유나이티드,14.73,8.25
유니드,5.52,4.93
유니셈,22.72,3.51
유니슨,n/a,44.66
유니온,n/a,14.46
유니온머티리얼,n/a,15.17
유니온커뮤니티,11.14,8.81
유니켐,23.1,9.2
유니퀘스트,6.55,49.88
유니크,2.57,13.78
유니테스트,44.95,2.97
유니테크노,9.47,20.18
유니트론텍,17.74,12.05
유니포인트,16.85,5.86
유라테크,4.23,6.54
유바이오로직스,17.3,22.96
유비벨록스,2.39,35.44
유비온,140.04,6.03
유비케어,7.78,21.95
유비쿼스,20.13,10.6
유비쿼스홀딩스,5.12,9.98
유성기업,1.4,5.68
유성티엔에스,7.08,9.87
유수홀딩스,4.37,6.67
유신,n/a,n/a
유쎌,n/a,n/a
유아이디,n/a,n/a
유아이엘,5.49,4.42
유안타제3호스팩,n/a,n/a
유안타제4호스팩,n/a,n/a
유안타증권,9.15,n/a
유앤아이,n/a,n/a
유양디앤유,n/a,n/a
유에스티,2.87,25.96
유엔젤,4.35,16.14
유유제약,4.79,10.55
유지인트,n/a,209.8
유진기업,3.15,7.12
유진로봇,n/a,514.63
유진증권,6.37,n/a
유진테크,8.27,5.01
유테크,n/a,n/a
유투바이오,n/a,n/a
유티아이,11.24,6.34
유틸렉스,n/a,n/a
유한양행,3.55,24.43
유화증권,1.31,n/a
육일씨엔에쓰,0.64,7.52
율촌화학,4.38,11.56
이건산업,3.73,6.37
이건홀딩스,12.51,18.66
이구산업,n/a,37.18
이그잭스,n/a,19.25
이글루시큐리티,19.4,13.04
이글벳,3.14,18.19
이노메트리,19.21,17.94
이노벡스,n/a,n/a
이노션,10.98,10.21
이노와이어리스,0.33,60.8
이노인스트루먼트,n/a,n/a
이노테라피,n/a,n/a
이녹스,n/a,16.59
이녹스첨단소재,22.4,7.74
이니텍,n/a,6.48
이더블유케이,12.07,10.6
이라이콤,3.97,4.89
이랜텍,n/a,9.5
이루온,3.5,16.81
이리츠코크렙,1.75,24.7
이마트,5.49,9.18
이매진아시아,n/a,n/a
이미지스,n/a,n/a
이베스트투자증권,8.58,n/a
이비테크,9.64,14.99
이상네트웍스,8.45,12.52
이수앱지스,n/a,n/a
이수페타시스,n/a,14.03
이수화학,2.31,25.65
이스타코,n/a,n/a
이스트소프트,6.96,15.35
이스트아시아홀딩스,1.16,3.89
이씨에스,6.97,9.28
이아이디,n/a,n/a
이에스브이,n/a,n/a
이에스산업,0.07,94.18
이에스에이,n/a,n/a
이엑스티,8.11,18.82
이엔드디,n/a,8.66
이엔에프테크놀로지,14.05,4.13
이엘케이,n/a,n/a
이엘피,24.7,3.98
이엠넷,8.88,8.29
이엠코리아,n/a,50.4
이엠텍,14.27,7.37
이엠티,n/a,n/a
이연제약,0.61,54.31
이오테크닉스,5.98,19.58
이원컴포텍,n/a,13.23
이월드,6.29,31.09
이즈미디어,9.64,8.08
이지바이오,9.63,9.02
이지웰페어,7.43,8.96
이지케어텍,13.11,0.02
이크레더블,27.8,11.75
이테크건설,13.14,6.83
이트론,n/a,n/a
이퓨쳐,2.0,12.84
이화공영,1.11,526.03
이화산업,n/a,118.5
이화전기,n/a,n/a
인디에프,0.34,27.18
인바디,17.04,11.56
인베니아,12.86,10.71
인산가,n/a,7.57
인선이엔티,8.83,9.88
인성정보,n/a,21.88
인스코비,n/a,60.3
인지디스플레,6.61,2.42
인지컨트롤스,1.56,7.92
인천도시가스,9.19,4.23
인카금융서비스,9.44,5.04
인콘,n/a,n/a
인크로스,13.82,10.94
인탑스,5.76,4.18
인터로조,13.05,12.72
인터불스,n/a,n/a
인터엠,n/a,8.55
인터지스,n/a,15.52
인터코스,n/a,n/a
인터파크,n/a,10.95
인터파크홀딩스,n/a,8.45
인터플렉스,n/a,n/a
인텍플러스,n/a,n/a
인텔리안테크,13.32,6.78
인트로메딕,n/a,n/a
인트론바이오,25.13,106.16
인팩,1.63,6.4
인포마크,0.58,15.65
인포바인,12.72,6.4
인포뱅크,5.79,18.8
인프라웨어,n/a,n/a
인프라웨어테크놀러지,n/a,n/a
인피니트헬스케어,6.66,28.48
인화정공,n/a,27.18
일동제약,4.53,9.94
일동홀딩스,n/a,59.36
일성건설,2.79,7.26
일성신약,0.91,48.24
일신바이오,8.91,21.78
일신방직,3.06,6.98
일신석재,0.81,85.85
일야,n/a,n/a
일양약품,n/a,23.33
일정실업,n/a,n/a
일지테크,n/a,2.84
일진다이아,7.71,15.11
일진디스플,2.03,9.66
일진머티리얼즈,7.8,25.74
일진전기,n/a,16.55
일진파워,18.93,4.16
일진홀딩스,n/a,12.29
잇츠한불,1.89,22.94
잉글우드랩,n/a,54.03
잉크테크,n/a,39.75
자비스,n/a,119.44
자연과환경,3.01,52.4
자이글,n/a,n/a
자화전자,n/a,5.68
장원테크,14.99,4.71
재영솔루텍,9.56,16.44
전방,n/a,72.57
전우정밀,n/a,11.35
전진바이오팜,n/a,n/a
전파기지국,1.38,7.18
정다운,20.8,4.7
정산애강,11.08,9.46
정상제이엘에스,5.65,7.42
정원엔시스,11.51,20.4
제낙스,n/a,n/a
제너셈,n/a,n/a
제넥신,n/a,n/a
제넨바이오,n/a,87.91
제노레이,27.35,6.21
제노텍,n/a,63.99
제노포커스,n/a,296.9
제놀루션,4.67,44.44
제닉,n/a,n/a
제로투세븐,n/a,n/a
제룡산업,5.96,24.54
제룡전기,5.83,25.35
제미니투자,n/a,n/a
제우스,15.7,3.05
제이브이엠,6.68,10.59
제이스테판,n/a,n/a
제이스텍,6.22,8.97
제이씨케미칼,6.16,10.37
제이씨현시스템,11.55,6.45
제이에스코퍼레이션,3.76,17.95
제이에스티나,0.34,26.22
제이엔케이히터,n/a,20.84
제이엠아이,n/a,n/a
제이엠티,21.73,2.74
제이웨이,n/a,60.26
제이준코스메틱,n/a,36.25
제이콘텐트리,7.45,9.46
제이티,13.11,8.67
제일기획,15.01,11.89
제일바이오,3.46,32.15
제일약품,1.04,51.39
제일연마,7.19,7.24
제일제강,0.6,14.95
제일테크노스,7.34,4.99
제일파마홀딩스,2.04,46.13
제주반도체,16.81,12.12
제주은행,6.25,n/a
제주항공,19.86,6.43
젠큐릭스,n/a,n/a
젬백스,n/a,358.42
조광ILI,9.05,7.6
조광페인트,n/a,48.48
조광피혁,5.9,12.33
조비,0.69,46.76
조선내화,9.22,7.03
조선선재,11.75,6.95
조아제약,1.19,35.74
조이맥스,n/a,n/a
조이시티,n/a,n/a
조일알미늄,n/a,96.2
조흥,6.54,7.37
종근당,10.21,11.54
종근당바이오,5.49,6.8
종근당홀딩스,6.55,7.17
좋은사람들,4.58,27.41
주노콜렉션,n/a,70.95
주성엔지니어링,22.21,6.94
주연테크,n/a,320.54
줌인터넷,32.65,12.37
중앙리빙테크,n/a,n/a
중앙백신,4.62,21.83
중앙에너비스,1.97,21.16
중앙오션,n/a,364.07
지노믹트리,n/a,n/a
지놈앤컴퍼니,n/a,n/a
지니뮤직,5.02,31.18
지니언스,8.27,17.9
지란지교시큐리티,5.04,12.21
지스마트글로벌,n/a,n/a
지앤이헬스케어,16.09,24.22
지어소프트,12.42,16.76
지에스이,8.99,4.78
지엔씨에너지,9.68,9.69
지엔코,n/a,n/a
지엘팜텍,n/a,n/a
지엠비코리아,0.06,9.3
지엠피,17.62,16.68
지역난방공사,n/a,13.79
지오씨,7.59,16.33
지와이커머스,n/a,n/a
지코,12.21,10.74
지투알,11.25,4.34
지투하이소닉,n/a,n/a
지트리비앤티,8.54,n/a
지티지웰니스,n/a,n/a
진도,5.4,11.93
진로발효,14.75,11.97
진매트릭스,n/a,n/a
진바이오텍,6.07,4.16
진성티이씨,19.4,6.14
진양산업,6.93,15.47
진양제약,2.21,14.89
진양폴리우레탄,5.15,10.91
진양홀딩스,0.36,12.67
진양화학,n/a,184.66
진에어,17.86,7.0
진원생명과학,n/a,n/a
진흥기업,7.83,8.67
질경이,n/a,n/a
차바이오텍,8.75,37.84
차이나그레이트,6.73,0.75
참엔지니어링,17.39,5.81
참좋은여행,13.06,7.78
창해에탄올,3.46,11.91
천보,24.53,0.0
천일고속,n/a,n/a
청광종건,10.41,3.14
청담러닝,11.47,7.5
청보산업,0.6,11.87
청호컴넷,6.16,n/a
체리부로,n/a,15.72
체시스,n/a,10.48
초록뱀,n/a,66.66
칩스앤미디어,9.6,18.28
카스,6.59,7.44
카이노스메드,n/a,n/a
카카오,1.04,43.65
카페24,n/a,47.82
카프로,3.77,5.23
캐스텍코리아,0.92,10.22
캔서롭,n/a,n/a
캠시스,14.75,4.83
컨버즈,n/a,n/a
컬러레이,21.94,3.1
컴투스,16.15,11.12
컴퍼니케이,25.53,n/a
케미메디,n/a,n/a
케어랩스,8.54,20.5
케어젠,12.76,19.78
케이디켐,9.83,6.35
케이맥,14.37,8.69
케이비17호스팩,n/a,n/a
케이비아이동국실업,n/a,6.63
케이비제10호스팩,0.62,n/a
케이비제11호스팩,0.33,n/a
케이사인,n/a,17.59
케이씨,67.41,2.61
케이씨씨,n/a,8.11
케이씨에스,14.21,15.53
케이씨텍,23.54,2.43
케이씨티,3.11,15.57
케이씨티시,3.88,7.24
케이씨피드,1.7,25.05
케이아이엔엑스,19.55,7.69
케이에스피,n/a,n/a
케이엔더블유,1.56,6.82
케이엘넷,5.55,11.19
케이엠,6.07,8.48
케이엠더블유,n/a,n/a
케이엠제약,14.19,5.41
케이탑리츠,5.33,21.33
케이티,5.5,2.65
케이티스카이라이프,8.33,3.36
케이티앤지,11.38,9.95
케이프,1.73,13.68
케이피에스,24.03,3.97
케이피에프,6.51,6.7
케이피엠테크,33.13,n/a
케이피티유,6.92,17.19
켐온,2.51,44.38
켐트로닉스,1.4,7.94
켐트로스,16.68,11.55
코나아이,n/a,n/a
코너스톤네트웍스,n/a,n/a
코닉글로리,n/a,84.7
코다코,n/a,30.91
코데즈컴바인,11.06,19.59
코드네이처,n/a,n/a
코디,n/a,n/a
코디엠,n/a,n/a
코렌,21.65,3.14
코렌텍,n/a,38.01
코리아나,2.22,28.85
코리아써키트,n/a,16.16
코리아에스이,n/a,n/a
코리아에프티,3.47,6.48
코리아오토글라스,13.07,3.32
코리안리,4.68,n/a
코맥스,4.66,7.56
코메론,9.88,4.51
코미코,36.03,4.07
코미팜,n/a,n/a
코세스,51.64,9.19
코센,n/a,190.28
코셋,n/a,n/a
코스맥스,13.49,22.58
코스맥스비티아이,3.23,13.57
코스맥스엔비티,8.67,16.48
코스메카코리아,7.53,24.41
코스모신소재,12.86,17.8
코스모화학,n/a,19.11
코스온,n/a,34.75
코아스,n/a,14.48
코아스템,n/a,n/a
코아시아,n/a,9.95
코엔텍,17.86,9.69
코오롱,0.2,12.63
코오롱글로벌,3.59,7.8
코오롱머티리얼,n/a,n/a
코오롱생명과학,n/a,n/a
코오롱인더,3.04,10.85
코오롱티슈진,n/a,n/a
코오롱플라스틱,6.28,8.06
코웰패션,26.8,6.06
코위버,6.39,215.65
코이즈,n/a,n/a
코콤,12.88,6.45
코텍,12.72,4.8
코프라,4.85,6.83
콜마비앤에이치,25.89,9.43
콤텍시스템,9.74,14.22
쿠첸,1.13,8.37
쿠쿠홀딩스,17.49,11.96
쿠쿠홈시스,9.51,6.24
큐렉소,n/a,n/a
큐로,n/a,n/a
큐로컴,n/a,n/a
큐로홀딩스,n/a,n/a
큐리언트,n/a,n/a
큐브엔터,6.78,31.93
큐에스아이,n/a,25.84
큐엠씨,14.26,8.5
큐캐피탈,n/a,n/a
크라운제과,10.99,7.04
크라운해태홀딩스,1.63,9.33
크로넥스,n/a,n/a
크로바하이텍,n/a,n/a
크루셜텍,n/a,n/a
크리스에프앤씨,20.69,6.21
크리스탈,5.0,231.75
크리스탈신소재,11.08,1.97
크린앤사이언스,20.01,9.43
클래시스,34.51,13.88
클리오,0.7,144.18
키네마스터,n/a,n/a
키다리스튜디오,0.91,54.21
키움제5호스팩,n/a,n/a
키움증권,10.84,n/a
키위미디어그룹,n/a,n/a
키이스트,n/a,10.5
타이거일렉,5.34,5.27
탑선,68.32,2.39
탑엔지니어링,10.15,4.44
태경산업,5.82,7.67
태경화학,2.83,9.41
태광,2.39,34.32
태광산업,7.39,3.98
태림포장,6.94,7.95
태양,1.22,18.34
태양금속공업,n/a,11.03
태양기계,0.57,14.34
태영건설,19.21,4.61
태웅,n/a,n/a
태원물산,1.1,57.36
태평양물산,7.14,8.19
테고사이언스,n/a,238.07
테라셈,n/a,n/a
테라젠이텍스,n/a,n/a
테스,21.09,3.8
테스나,21.87,4.12
테이팩스,5.63,11.36
테크엔,2.35,14.47
테크윙,12.77,8.58
테크트랜스,n/a,n/a
텔레칩스,10.3,7.3
텔레필드,n/a,n/a
텔코웨어,5.8,16.92
텔콘RF제약,n/a,n/a
토니모리,n/a,n/a
토박스코리아,n/a,n/a
토비스,11.45,3.39
토탈소프트,37.13,8.77
토필드,n/a,n/a
톱텍,5.96,27.07
투비소프트,n/a,n/a
툴젠,n/a,n/a
트루윈,n/a,12.67
특수건설,0.94,21.9
티로보틱스,22.72,6.85
티비씨,3.21,14.06
티비에이치글로벌,n/a,4.45
티씨엠생명과학,n/a,n/a
티씨케이,28.43,6.88
티앤알바이오팹,n/a,n/a
티에스아이,52.66,5.78
티에스이,8.91,3.39
티에이치엔,12.93,5.44
티엘아이,n/a,n/a
티웨이항공,28.89,5.85
티웨이홀딩스,18.49,4.96
티케이씨,5.64,51.38
티케이케미칼,11.04,7.17
티플랙스,2.54,18.98
티피씨글로벌,4.63,13.39
틸론,12.18,16.96
팅크웨어,1.7,5.16
파나진,n/a,n/a
파라다이스,n/a,37.65
파라텍,0.4,135.54
파루,n/a,n/a
파마리서치바이오,n/a,n/a
파마리서치프로덕트,7.65,24.76
파멥신,n/a,n/a
파미셀,n/a,388.42
파버나인,8.72,6.88
파세코,6.88,7.28
파수닷컴,4.9,10.81
파워넷,11.45,10.12
파워로직스,13.95,4.3
파워풀엑스,2.18,18.29
파이오링크,1.09,13.54
파인넥스,n/a,n/a
파인디앤씨,3.88,10.32
파인디지털,2.16,15.13
파인이엠텍,n/a,55.85
파인테크닉스,n/a,n/a
파인텍,n/a,8.65
파커스,4.99,6.75
파크시스템스,16.78,42.74
파트론,3.16,6.13
파티게임즈,26.11,20.18
팍스넷,n/a,102.5
판도라티비,n/a,6.01
판타지오,n/a,28.1
팜스웰바이오,n/a,n/a
팜스코,1.2,15.67
팜스토리,n/a,15.42
패션플랫폼,4.87,6.06
팬스타엔터프라이즈,n/a,15.4
팬엔터테인먼트,n/a,979.22
팬오션,6.06,8.82
팬젠,n/a,n/a
퍼스텍,n/a,n/a
퍼시스,11.3,10.42
퍼시픽바이오,n/a,n/a
펄어비스,42.87,15.56
페이퍼코리아,n/a,39.9
펩트론,n/a,n/a
평화산업,n/a,n/a
평화정공,8.54,1.94
평화홀딩스,n/a,243.53
포레스팅블록체인,n/a,20.16
포메탈,4.91,12.15
포비스티앤씨,3.31,27.97
포스링크,n/a,n/a
포스코,3.88,3.84
포스코 ICT,n/a,11.32
포스코강판,5.24,6.5
포스코엠텍,16.5,12.55
포스코인터내셔널,5.45,9.04
포스코케미칼,18.96,30.75
포시에스,13.69,11.6
포인트엔지니어링,25.04,5.13
포티스,n/a,n/a
폴루스바이오팜,n/a,n/a
푸드나무,22.09,20.66
푸드웰,9.89,7.51
푸른기술,5.2,95.38
푸른저축은행,10.18,n/a
풀무원,7.82,5.85
풍강,1.35,10.18
풍국주정,8.47,12.94
풍산,4.62,8.16
풍산홀딩스,5.09,6.85
퓨전데이타,n/a,n/a
퓨쳐스트림네트웍스,11.12,8.42
퓨쳐켐,n/a,n/a
프럼파스트,4.7,10.89
프로스테믹스,n/a,n/a
프로테옴텍,7.56,128.02
프로텍,16.67,3.53
프리엠스,5.2,24.27
플랜티넷,1.96,10.15
플럼라인생명과학,n/a,n/a
플레이위드,n/a,n/a
피노텍,27.27,21.53
피델릭스,13.15,7.77
피씨디렉트,10.26,7.03
피씨엘,n/a,n/a
피앤씨테크,4.13,23.6
피앤이솔루션,18.33,13.48
피앤텔,n/a,n/a
피에스엠씨,3.06,9.47
피에스케이,n/a,n/a
피에스케이홀딩스,21.41,3.38
피에스텍,n/a,n/a
피엔아이컴퍼니,n/a,35.28
피엔에이치테크,n/a,n/a
피엔티,2.69,17.57
피제이메탈,7.93,10.42
피제이전자,6.9,7.64
픽셀플러스,n/a,n/a
필룩스,n/a,196.85
필링크,n/a,27.86
필옵틱스,n/a,n/a
하나금융10호스팩,0.55,n/a
하나금융11호스팩,0.72,n/a
하나금융9호스팩,0.93,n/a
하나금융지주,8.88,n/a
하나니켈1호,n/a,n/a
하나니켈2호,n/a,n/a
하나마이크론,1.05,4.85
하나머스트제6호스팩,n/a,n/a
하나머티리얼즈,35.33,5.46
하나제약,18.28,9.82
하나투어,4.28,17.74
하림,n/a,11.75
하림지주,6.36,8.9
하이골드12호,6.93,23.0
하이골드3호,11.61,12.44
하이골드8호,9.85,5.45
하이로닉,n/a,68.26
하이록코리아,3.48,14.23
하이비젼시스템,20.91,6.38
하이셈,30.43,3.21
하이스틸,n/a,n/a
하이제4호스팩,n/a,n/a
하이즈항공,1.15,19.02
하이텍팜,2.54,49.06
하이트론씨스템즈,2.14,71.36
하이트진로,1.87,8.6
하이트진로홀딩스,n/a,9.28
하츠,1.86,17.67
한국ANKOR유전,n/a,n/a
한국가구,7.69,7.82
한국가스공사,6.36,9.93
한국경제TV,14.16,5.34
한국공항,5.93,3.31
한국금융지주,12.96,n/a
한국기업평가,18.51,9.34
한국내화,5.66,9.5
한국단자공업,5.8,4.28
한국맥널티,2.42,22.91
한국비엔씨,23.24,10.19
한국석유공업,2.99,14.7
한국선재,7.74,17.41
한국수출포장공업,7.7,2.2
한국쉘석유,25.09,13.39
한국아트라스비엑스,17.32,5.86
한국알콜,10.48,3.94
한국유니온제약,14.38,8.21
한국자산신탁,18.52,n/a
한국전력공사,n/a,8.16
한국전자금융,15.11,6.04
한국전자인증,8.19,19.68
한국전자홀딩스,n/a,12.3
한국정밀기계,n/a,n/a
한국정보공학,n/a,n/a
한국정보인증,10.19,10.75
한국정보통신,14.21,7.72
한국제5호스팩,0.45,n/a
한국제6호스팩,0.94,n/a
한국제7호스팩,n/a,n/a
한국제8호스팩,n/a,n/a
한국제지,n/a,40.24
한국종합기술,n/a,n/a
한국주강,n/a,n/a
한국주철관공업,4.71,8.39
한국철강,1.7,6.07
한국카본,n/a,25.27
한국캐피탈,7.37,n/a
한국컴퓨터,n/a,127.96
한국코퍼레이션,n/a,n/a
한국콜마,11.38,21.94
한국콜마홀딩스,18.57,7.86
한국큐빅,1.56,6.63
한국타이어앤테크놀로지,7.96,4.65
한국테크놀로지,n/a,54.22
한국테크놀로지그룹,6.75,6.84
한국토지신탁,21.75,n/a
한국특수형강,n/a,7.25
한국패러랠,n/a,n/a
한국팩키지,4.2,12.21
한국프랜지공업,0.72,6.16
한국항공우주,5.32,15.21
한국화장품,n/a,n/a
한국화장품제조,6.79,25.71
한글과컴퓨터,3.4,6.95
한네트,3.02,4.63
한농화성,5.32,7.04
한독,2.7,13.14
한라,n/a,6.73
한라IMS,3.32,138.6
한라홀딩스,1.46,14.34
한류AI센터,n/a,n/a
한류타임즈,n/a,n/a
한미글로벌,7.06,7.97
한미반도체,23.37,7.2
한미사이언스,2.73,327.81
한미약품,3.52,45.93
한빛소프트,n/a,84.01
한샘,16.63,20.06
한섬,7.75,7.44
한성기업,n/a,34.67
한세실업,n/a,16.71
한세엠케이,2.61,13.41
한세예스24홀딩스,n/a,9.79
한솔로지스틱스,2.81,4.65
한솔시큐어,n/a,n/a
한솔씨앤피,n/a,n/a
한솔인티큐브,n/a,52.38
한솔제지,6.99,6.23
한솔케미칼,20.12,8.96
한솔테크닉스,n/a,7.04
한솔피엔에스,9.62,4.72
한솔홀딩스,n/a,5.05
한솔홈데코,7.44,9.95
한송네오텍,n/a,38.16
한스바이오메드,6.75,26.02
한신공영,41.29,1.12
한신기계공업,4.24,13.27
한양디지텍,2.34,4.92
한양이엔지,28.01,2.16
한양증권,1.73,n/a
한온시스템,13.83,9.79
한올바이오파마,2.89,253.39
한익스프레스,8.16,10.6
한일네트웍스,8.53,5.83
한일단조,n/a,18.12
한일사료,0.56,31.33
한일시멘트,n/a,7.08
한일진공,n/a,27.83
한일철강,n/a,21.51
한일현대시멘트,n/a,20.3
한일홀딩스,40.39,12.87
한일화학,3.11,6.13
한전KPS,17.08,6.47
한전기술,2.82,17.4
한전산업,16.51,6.91
한중엔시에스,6.25,6.99
한진,5.6,15.28
한진중공업,n/a,25.43
한진중공업홀딩스,2.69,10.25
한진칼,n/a,12.81
한창,n/a,10.99
한창산업,2.72,20.42
한창제지,13.07,11.7
한컴MDS,5.82,10.93
한컴시큐어,0.5,38.07
한컴유니맥스,n/a,19.56
한컴지엠디,3.95,11.63
한탑,n/a,69.91
한프,n/a,n/a
한화,10.73,8.91
한화갤러리아타임월드,4.14,11.18
한화생명,4.22,n/a
한화손해보험,6.29,n/a
한화수성스팩,1.0,n/a
한화에스비아이스팩,n/a,n/a
한화에어로스페이스,1.42,14.49
한화에이스스팩3호,0.28,n/a
한화에이스스팩4호,0.34,n/a
한화케미칼,3.08,9.94
한화투자증권,7.95,n/a
해덕파워웨이,n/a,n/a
해마로푸드서비스,26.3,7.51
해성디에스,11.05,6.32
해성산업,0.53,33.2
해성옵틱스,n/a,8.23
해태제과식품,0.85,10.76
핸디소프트,n/a,n/a
핸즈코퍼레이션,1.31,8.49
헝셩그룹,10.82,2.37
헬릭스미스,n/a,n/a
현대건설,5.99,8.02
현대건설기계,7.47,5.38
현대공업,1.04,16.52
현대그린푸드,6.1,10.08
현대글로비스,10.6,6.02
현대로템,n/a,n/a
현대리바트,9.03,6.91
현대모비스,6.3,6.78
현대미포조선,3.77,20.61
현대바이오,7.34,54.48
현대백화점,5.91,5.55
현대비앤지스틸,5.2,3.81
현대사료,n/a,75.74
현대상선,n/a,n/a
현대약품,0.91,43.06
현대에이치씨엔,5.77,5.49
현대엘리베이터,0.9,17.11
현대오토에버,12.59,0.06
현대위아,n/a,7.76
현대일렉트릭,n/a,n/a
현대자동차,2.2,13.33
현대정보기술,n/a,11.08
현대제철,2.39,6.34
현대종합상사,n/a,11.76
현대중공업,n/a,n/a
현대중공업지주,3.53,10.93
현대차증권,5.84,n/a
현대코퍼레이션홀딩스,2.58,17.98
현대통신,25.22,4.44
현대해상,10.33,n/a
현대홈쇼핑,10.32,8.41
현성바이탈,n/a,n/a
현우산업,8.88,6.55
현진소재,n/a,n/a
형지I&C,n/a,36.7
형지엘리트,n/a,44.9
혜인,n/a,13.16
호전실업,3.88,8.99
호텔신라,15.41,11.96
홈센타홀딩스,n/a,31.13
홈캐스트,n/a,n/a
화성밸브,5.02,24.22
화성산업,13.61,2.58
화승알앤에이,n/a,6.64
화승엔터프라이즈,6.39,11.16
화승인더스트리,7.94,7.86
화신,n/a,11.41
화신정공,1.35,6.03
화신테크,n/a,n/a
화이브라더스코리아,0.32,n/a
화인베스틸,1.97,12.36
화일약품,5.09,9.88
화진,n/a,60.43
화천기계,n/a,32.2
화천기공,4.48,7.45
환인제약,8.56,11.81
황금에스티,6.48,5.64
효성,110.16,6.76
효성 ITX,13.65,7.92
효성오앤비,6.49,24.56
효성중공업,n/a,19.02
효성첨단소재,n/a,11.75
효성티앤씨,n/a,11.67
효성화학,n/a,8.75
후성,16.04,13.26
휘닉스소재,n/a,n/a
휠라코리아,16.03,10.88
휴네시온,6.32,49.63
휴니드테크놀러지스,19.38,3.36
휴럼,n/a,n/a
휴림로봇,n/a,n/a
휴마시스,n/a,n/a
휴맥스,n/a,n/a
휴맥스홀딩스,n/a,n/a
휴메딕스,8.76,15.89
휴벡셀,n/a,n/a
휴비스,4.58,5.9
휴비츠,8.72,9.6
휴스틸,4.39,4.46
휴온스,31.64,12.53
휴온스글로벌,8.22,7.86
휴젤,9.8,25.41
휴켐스,17.02,5.96
흥구석유,3.38,27.95
흥국,14.23,5.59
흥국에프엔비,4.71,5.96
흥국화재,7.69,n/a
흥아해운,n/a,n/a
희림,7.66,8.88
힘스,n/a,n/a
